{"svm_linear":{"err":0.1066666667},"svm_rbf":{"err":0.12},"rf":{"err":0.16},"knn1":{"err":0.1466666667},"knn5":{"err":0.1466666667},"knn10":{"err":0.16}}