{"svm_linear":{"err":0.0265758092},"svm_rbf":{"err":0.0081771721},"rf":{"err":0.0168654174},"knn1":{"err":0.0095400341},"knn5":{"err":0.0119250426},"knn10":{"err":0.0144804089}}